[
    {
        "country_name": "Afghanistan",
        "country_short_name": "AF",
        "country_phone_code": 93
    },
    {
        "country_name": "Albania",
        "country_short_name": "AL",
        "country_phone_code": 355
    },
    {
        "country_name": "Algeria",
        "country_short_name": "DZ",
        "country_phone_code": 213
    },
    {
        "country_name": "American Samoa",
        "country_short_name": "AS",
        "country_phone_code": 1684
    },
    {
        "country_name": "Andorra",
        "country_short_name": "AD",
        "country_phone_code": 376
    },
    {
        "country_name": "Angola",
        "country_short_name": "AO",
        "country_phone_code": 244
    },
    {
        "country_name": "Anguilla",
        "country_short_name": "AI",
        "country_phone_code": 1264
    },
    {
        "country_name": "Antarctica",
        "country_short_name": "AQ",
        "country_phone_code": 0
    },
    {
        "country_name": "Antigua And Barbuda",
        "country_short_name": "AG",
        "country_phone_code": 1268
    },
    {
        "country_name": "Argentina",
        "country_short_name": "AR",
        "country_phone_code": 54
    },
    {
        "country_name": "Armenia",
        "country_short_name": "AM",
        "country_phone_code": 374
    },
    {
        "country_name": "Aruba",
        "country_short_name": "AW",
        "country_phone_code": 297
    },
    {
        "country_name": "Australia",
        "country_short_name": "AU",
        "country_phone_code": 61
    },
    {
        "country_name": "Austria",
        "country_short_name": "AT",
        "country_phone_code": 43
    },
    {
        "country_name": "Azerbaijan",
        "country_short_name": "AZ",
        "country_phone_code": 994
    },
    {
        "country_name": "Bahamas The",
        "country_short_name": "BS",
        "country_phone_code": 1242
    },
    {
        "country_name": "Bahrain",
        "country_short_name": "BH",
        "country_phone_code": 973
    },
    {
        "country_name": "Bangladesh",
        "country_short_name": "BD",
        "country_phone_code": 880
    },
    {
        "country_name": "Barbados",
        "country_short_name": "BB",
        "country_phone_code": 1246
    },
    {
        "country_name": "Belarus",
        "country_short_name": "BY",
        "country_phone_code": 375
    },
    {
        "country_name": "Belgium",
        "country_short_name": "BE",
        "country_phone_code": 32
    },
    {
        "country_name": "Belize",
        "country_short_name": "BZ",
        "country_phone_code": 501
    },
    {
        "country_name": "Benin",
        "country_short_name": "BJ",
        "country_phone_code": 229
    },
    {
        "country_name": "Bermuda",
        "country_short_name": "BM",
        "country_phone_code": 1441
    },
    {
        "country_name": "Bhutan",
        "country_short_name": "BT",
        "country_phone_code": 975
    },
    {
        "country_name": "Bolivia",
        "country_short_name": "BO",
        "country_phone_code": 591
    },
    {
        "country_name": "Bosnia and Herzegovina",
        "country_short_name": "BA",
        "country_phone_code": 387
    },
    {
        "country_name": "Botswana",
        "country_short_name": "BW",
        "country_phone_code": 267
    },
    {
        "country_name": "Bouvet Island",
        "country_short_name": "BV",
        "country_phone_code": 0
    },
    {
        "country_name": "Brazil",
        "country_short_name": "BR",
        "country_phone_code": 55
    },
    {
        "country_name": "British Indian Ocean Territory",
        "country_short_name": "IO",
        "country_phone_code": 246
    },
    {
        "country_name": "Brunei",
        "country_short_name": "BN",
        "country_phone_code": 673
    },
    {
        "country_name": "Bulgaria",
        "country_short_name": "BG",
        "country_phone_code": 359
    },
    {
        "country_name": "Burkina Faso",
        "country_short_name": "BF",
        "country_phone_code": 226
    },
    {
        "country_name": "Burundi",
        "country_short_name": "BI",
        "country_phone_code": 257
    },
    {
        "country_name": "Cambodia",
        "country_short_name": "KH",
        "country_phone_code": 855
    },
    {
        "country_name": "Cameroon",
        "country_short_name": "CM",
        "country_phone_code": 237
    },
    {
        "country_name": "Canada",
        "country_short_name": "CA",
        "country_phone_code": 1
    },
    {
        "country_name": "Cape Verde",
        "country_short_name": "CV",
        "country_phone_code": 238
    },
    {
        "country_name": "Cayman Islands",
        "country_short_name": "KY",
        "country_phone_code": 1345
    },
    {
        "country_name": "Central African Republic",
        "country_short_name": "CF",
        "country_phone_code": 236
    },
    {
        "country_name": "Chad",
        "country_short_name": "TD",
        "country_phone_code": 235
    },
    {
        "country_name": "Chile",
        "country_short_name": "CL",
        "country_phone_code": 56
    },
    {
        "country_name": "China",
        "country_short_name": "CN",
        "country_phone_code": 86
    },
    {
        "country_name": "Christmas Island",
        "country_short_name": "CX",
        "country_phone_code": 61
    },
    {
        "country_name": "Cocos (Keeling) Islands",
        "country_short_name": "CC",
        "country_phone_code": 672
    },
    {
        "country_name": "Colombia",
        "country_short_name": "CO",
        "country_phone_code": 57
    },
    {
        "country_name": "Comoros",
        "country_short_name": "KM",
        "country_phone_code": 269
    },
    {
        "country_name": "Cook Islands",
        "country_short_name": "CK",
        "country_phone_code": 682
    },
    {
        "country_name": "Costa Rica",
        "country_short_name": "CR",
        "country_phone_code": 506
    },
    {
        "country_name": "Cote D'Ivoire (Ivory Coast)",
        "country_short_name": "CI",
        "country_phone_code": 225
    },
    {
        "country_name": "Croatia (Hrvatska)",
        "country_short_name": "HR",
        "country_phone_code": 385
    },
    {
        "country_name": "Cuba",
        "country_short_name": "CU",
        "country_phone_code": 53
    },
    {
        "country_name": "Cyprus",
        "country_short_name": "CY",
        "country_phone_code": 357
    },
    {
        "country_name": "Czech Republic",
        "country_short_name": "CZ",
        "country_phone_code": 420
    },
    {
        "country_name": "Democratic Republic Of The Congo",
        "country_short_name": "CD",
        "country_phone_code": 243
    },
    {
        "country_name": "Denmark",
        "country_short_name": "DK",
        "country_phone_code": 45
    },
    {
        "country_name": "Djibouti",
        "country_short_name": "DJ",
        "country_phone_code": 253
    },
    {
        "country_name": "Dominica",
        "country_short_name": "DM",
        "country_phone_code": 1767
    },
    {
        "country_name": "Dominican Republic",
        "country_short_name": "DO",
        "country_phone_code": 1809
    },
    {
        "country_name": "East Timor",
        "country_short_name": "TP",
        "country_phone_code": 670
    },
    {
        "country_name": "Ecuador",
        "country_short_name": "EC",
        "country_phone_code": 593
    },
    {
        "country_name": "Egypt",
        "country_short_name": "EG",
        "country_phone_code": 20
    },
    {
        "country_name": "El Salvador",
        "country_short_name": "SV",
        "country_phone_code": 503
    },
    {
        "country_name": "Equatorial Guinea",
        "country_short_name": "GQ",
        "country_phone_code": 240
    },
    {
        "country_name": "Eritrea",
        "country_short_name": "ER",
        "country_phone_code": 291
    },
    {
        "country_name": "Estonia",
        "country_short_name": "EE",
        "country_phone_code": 372
    },
    {
        "country_name": "Ethiopia",
        "country_short_name": "ET",
        "country_phone_code": 251
    },
    {
        "country_name": "Falkland Islands",
        "country_short_name": "FK",
        "country_phone_code": 500
    },
    {
        "country_name": "Faroe Islands",
        "country_short_name": "FO",
        "country_phone_code": 298
    },
    {
        "country_name": "Fiji Islands",
        "country_short_name": "FJ",
        "country_phone_code": 679
    },
    {
        "country_name": "Finland",
        "country_short_name": "FI",
        "country_phone_code": 358
    },
    {
        "country_name": "France",
        "country_short_name": "FR",
        "country_phone_code": 33
    },
    {
        "country_name": "French Guiana",
        "country_short_name": "GF",
        "country_phone_code": 594
    },
    {
        "country_name": "French Polynesia",
        "country_short_name": "PF",
        "country_phone_code": 689
    },
    {
        "country_name": "French Southern Territories",
        "country_short_name": "TF",
        "country_phone_code": 0
    },
    {
        "country_name": "Gabon",
        "country_short_name": "GA",
        "country_phone_code": 241
    },
    {
        "country_name": "Gambia The",
        "country_short_name": "GM",
        "country_phone_code": 220
    },
    {
        "country_name": "Georgia",
        "country_short_name": "GE",
        "country_phone_code": 995
    },
    {
        "country_name": "Germany",
        "country_short_name": "DE",
        "country_phone_code": 49
    },
    {
        "country_name": "Ghana",
        "country_short_name": "GH",
        "country_phone_code": 233
    },
    {
        "country_name": "Gibraltar",
        "country_short_name": "GI",
        "country_phone_code": 350
    },
    {
        "country_name": "Greece",
        "country_short_name": "GR",
        "country_phone_code": 30
    },
    {
        "country_name": "Greenland",
        "country_short_name": "GL",
        "country_phone_code": 299
    },
    {
        "country_name": "Grenada",
        "country_short_name": "GD",
        "country_phone_code": 1473
    },
    {
        "country_name": "Guadeloupe",
        "country_short_name": "GP",
        "country_phone_code": 590
    },
    {
        "country_name": "Guam",
        "country_short_name": "GU",
        "country_phone_code": 1671
    },
    {
        "country_name": "Guatemala",
        "country_short_name": "GT",
        "country_phone_code": 502
    },
    {
        "country_name": "Guernsey and Alderney",
        "country_short_name": "XU",
        "country_phone_code": 44
    },
    {
        "country_name": "Guinea",
        "country_short_name": "GN",
        "country_phone_code": 224
    },
    {
        "country_name": "Guinea-Bissau",
        "country_short_name": "GW",
        "country_phone_code": 245
    },
    {
        "country_name": "Guyana",
        "country_short_name": "GY",
        "country_phone_code": 592
    },
    {
        "country_name": "Haiti",
        "country_short_name": "HT",
        "country_phone_code": 509
    },
    {
        "country_name": "Heard and McDonald Islands",
        "country_short_name": "HM",
        "country_phone_code": 0
    },
    {
        "country_name": "Honduras",
        "country_short_name": "HN",
        "country_phone_code": 504
    },
    {
       "country_name": "Hong Kong S.A.R.",
        "country_short_name": "HK",
        "country_phone_code": 852
    },
    {
        "country_name": "Hungary",
        "country_short_name": "HU",
        "country_phone_code": 36
    },
    {
        "country_name": "Iceland",
        "country_short_name": "IS",
        "country_phone_code": 354
    },
    {
        "country_name": "India",
        "country_short_name": "IN",
        "country_phone_code": 91,
        "states": [
            {
                "state_name": "Andaman and Nicobar Islands"
            },
            {
                "state_name": "Andhra Pradesh"
            },
            {
                "state_name": "Arunachal Pradesh"
            },
            {
                "state_name": "Assam"
            },
            {
                "state_name": "Bihar"
            },
            {
                "state_name": "Chandigarh"
            },
            {
                "state_name": "Chhattisgarh"
            },
            {
                "state_name": "Dadra and Nagar Haveli"
            },
            {
                "state_name": "Daman and Diu"
            },
            {
                "state_name": "Delhi"
            },
            {
                "state_name": "Goa"
            },
            {
                "state_name": "Gujarat",
                "cities": [
                    {
                        "city_name": "Abrama"
                    },
                    {
                        "city_name": "Adalaj"
                    },
                    {
                        "city_name": "Adityana"
                    },
                    {
                        "city_name": "Advana"
                    },
                    {
                        "city_name": "Ahmedabad"
                    },
                    {
                        "city_name": "Ahwa"
                    },
                    {
                        "city_name": "Alang"
                    },
                    {
                        "city_name": "Ambaji"
                    },
                    {
                        "city_name": "Ambaliyasan"
                    },
                    {
                        "city_name": "Amod"
                    },
                    {
                        "city_name": "Amreli"
                    },
                    {
                        "city_name": "Amroli"
                    },
                    {
                        "city_name": "Anand"
                    },
                    {
                        "city_name": "Andada"
                    },
                    {
                        "city_name": "Anjar"
                    },
                    {
                        "city_name": "Anklav"
                    },
                    {
                        "city_name": "Ankleshwar"
                    },
                    {
                        "city_name": "Anklesvar INA"
                    },
                    {
                        "city_name": "Antaliya"
                    },
                    {
                        "city_name": "Arambhada"
                    },
                    {
                        "city_name": "Asarma"
                    },
                    {
                        "city_name": "Atul"
                    },
                    {
                        "city_name": "Babra"
                    },
                    {
                        "city_name": "Bag-e-Firdosh"
                    },
                    {
                        "city_name": "Bagasara"
                    },
                    {
                        "city_name": "Bahadarpar"
                    },
                    {
                        "city_name": "Bajipura"
                    },
                    {
                        "city_name": "Bajva"
                    },
                    {
                        "city_name": "Balasinor"
                    },
                    {
                        "city_name": "Banaskantha"
                    },
                    {
                        "city_name": "Bansda"
                    },
                    {
                        "city_name": "Bantva"
                    },
                    {
                        "city_name": "Bardoli"
                    },
                    {
                        "city_name": "Barwala"
                    },
                    {
                        "city_name": "Bayad"
                    },
                    {
                        "city_name": "Bechar"
                    },
                    {
                        "city_name": "Bedi"
                    },
                    {
                        "city_name": "Beyt"
                    },
                    {
                        "city_name": "Bhachau"
                    },
                    {
                        "city_name": "Bhanvad"
                    },
                    {
                        "city_name": "Bharuch"
                    },
                    {
                        "city_name": "Bharuch INA"
                    },
                    {
                        "city_name": "Bhavnagar"
                    },
                    {
                        "city_name": "Bhayavadar"
                    },
                    {
                        "city_name": "Bhestan"
                    },
                    {
                        "city_name": "Bhuj"
                    },
                    {
                        "city_name": "Bilimora"
                    },
                    {
                        "city_name": "Bilkha"
                    },
                    {
                        "city_name": "Billimora"
                    },
                    {
                        "city_name": "Bodakdev"
                    },
                    {
                        "city_name": "Bodeli"
                    },
                    {
                        "city_name": "Bopal"
                    },
                    {
                        "city_name": "Boria"
                    },
                    {
                        "city_name": "Boriavi"
                    },
                    {
                        "city_name": "Borsad"
                    },
                    {
                        "city_name": "Botad"
                    },
                    {
                        "city_name": "Cambay"
                    },
                    {
                        "city_name": "Chaklasi"
                    },
                    {
                        "city_name": "Chala"
                    },
                    {
                        "city_name": "Chalala"
                    },
                    {
                        "city_name": "Chalthan"
                    },
                    {
                        "city_name": "Chanasma"
                    },
                    {
                        "city_name": "Chandisar"
                    },
                    {
                        "city_name": "Chandkheda"
                    },
                    {
                        "city_name": "Chanod"
                    },
                    {
                        "city_name": "Chaya"
                    },
                    {
                        "city_name": "Chenpur"
                    },
                    {
                        "city_name": "Chhapi"
                    },
                    {
                        "city_name": "Chhaprabhatha"
                    },
                    {
                        "city_name": "Chhatral"
                    },
                    {
                        "city_name": "Chhota Udepur"
                    },
                    {
                        "city_name": "Chikhli"
                    },
                    {
                        "city_name": "Chiloda"
                    },
                    {
                        "city_name": "Chorvad"
                    },
                    {
                        "city_name": "Chotila"
                    },
                    {
                        "city_name": "Dabhoi"
                    },
                    {
                        "city_name": "Dadara"
                    },
                    {
                        "city_name": "Dahod"
                    },
                    {
                        "city_name": "Dakor"
                    },
                    {
                        "city_name": "Damnagar"
                    },
                    {
                        "city_name": "Deesa"
                    },
                    {
                        "city_name": "Delvada"
                    },
                    {
                        "city_name": "Devgadh Baria"
                    },
                    {
                        "city_name": "Devsar"
                    },
                    {
                        "city_name": "Dhandhuka"
                    },
                    {
                        "city_name": "Dhanera"
                    },
                    {
                        "city_name": "Dhangdhra"
                    },
                    {
                        "city_name": "Dhansura"
                    },
                    {
                        "city_name": "Dharampur"
                    },
                    {
                        "city_name": "Dhari"
                    },
                    {
                        "city_name": "Dhola"
                    },
                    {
                        "city_name": "Dholka"
                    },
                    {
                        "city_name": "Dholka Rural"
                    },
                    {
                        "city_name": "Dhoraji"
                    },
                    {
                        "city_name": "Dhrangadhra"
                    },
                    {
                        "city_name": "Dhrol"
                    },
                    {
                        "city_name": "Dhuva"
                    },
                    {
                        "city_name": "Dhuwaran"
                    },
                    {
                        "city_name": "Digvijaygram"
                    },
                    {
                        "city_name": "Disa"
                    },
                    {
                        "city_name": "Dungar"
                    },
                    {
                        "city_name": "Dungarpur"
                    },
                    {
                        "city_name": "Dungra"
                    },
                    {
                        "city_name": "Dwarka"
                    },
                    {
                        "city_name": "Flelanganj"
                    },
                    {
                        "city_name": "Gadhda"
                    },
                    {
                        "city_name": "Gandevi"
                    },
                    {
                        "city_name": "Gandhidham"
                    },
                    {
                        "city_name": "Gandhinagar"
                    },
                    {
                        "city_name": "Gariadhar"
                    },
                    {
                        "city_name": "Ghogha"
                    },
                    {
                        "city_name": "Godhra"
                    },
                    {
                        "city_name": "Gondal"
                    },
                    {
                        "city_name": "GSFC Complex"
                    },
                    {
                        "city_name": "Hajira INA"
                    },
                    {
                        "city_name": "Halol"
                    },
                    {
                        "city_name": "Halvad"
                    },
                    {
                        "city_name": "Hansot"
                    },
                    {
                        "city_name": "Harij"
                    },
                    {
                        "city_name": "Himatnagar"
                    },
                    {
                        "city_name": "Ichchhapor"
                    },
                    {
                        "city_name": "Idar"
                    },
                    {
                        "city_name": "Jafrabad"
                    },
                    {
                        "city_name": "Jalalpore"
                    },
                    {
                        "city_name": "Jambusar"
                    },
                    {
                        "city_name": "Jamjodhpur"
                    },
                    {
                        "city_name": "Jamnagar"
                    },
                    {
                        "city_name": "Jasdan"
                    },
                    {
                        "city_name": "Jawaharnagar"
                    },
                    {
                        "city_name": "Jetalsar"
                    },
                    {
                        "city_name": "Jetpur"
                    },
                    {
                        "city_name": "Jodiya"
                    },
                    {
                        "city_name": "Joshipura"
                    },
                    {
                        "city_name": "Junagadh"
                    },
                    {
                        "city_name": "Kadi"
                    },
                    {
                        "city_name": "Kadodara"
                    },
                    {
                        "city_name": "Kalavad"
                    },
                    {
                        "city_name": "Kali"
                    },
                    {
                        "city_name": "Kaliawadi"
                    },
                    {
                        "city_name": "Kalol"
                    },
                    {
                        "city_name": "Kalol INA"
                    },
                    {
                        "city_name": "Kandla"
                    },
                    {
                        "city_name": "Kanjari"
                    },
                    {
                        "city_name": "Kanodar"
                    },
                    {
                        "city_name": "Kapadwanj"
                    },
                    {
                        "city_name": "Karachiya"
                    },
                    {
                        "city_name": "Karamsad"
                    },
                    {
                        "city_name": "Karjan"
                    },
                    {
                        "city_name": "Kathial"
                    },
                    {
                        "city_name": "Kathor"
                    },
                    {
                        "city_name": "Katpar"
                    },
                    {
                        "city_name": "Kavant"
                    },
                    {
                        "city_name": "Keshod"
                    },
                    {
                        "city_name": "Kevadiya"
                    },
                    {
                        "city_name": "Khambhaliya"
                    },
                    {
                        "city_name": "Khambhat"
                    },
                    {
                        "city_name": "Kharaghoda"
                    },
                    {
                        "city_name": "Khed Brahma"
                    },
                    {
                        "city_name": "Kheda"
                    },
                    {
                        "city_name": "Kheralu"
                    },
                    {
                        "city_name": "Kodinar"
                    },
                    {
                        "city_name": "Kosamba"
                    },
                    {
                        "city_name": "Kundla"
                    },
                    {
                        "city_name": "Kutch"
                    },
                    {
                        "city_name": "Kutiyana"
                    },
                    {
                        "city_name": "Lakhtar"
                    },
                    {
                        "city_name": "Lalpur"
                    },
                    {
                        "city_name": "Lambha"
                    },
                    {
                        "city_name": "Lathi"
                    },
                    {
                        "city_name": "Limbdi"
                    },
                    {
                        "city_name": "Limla"
                    },
                    {
                        "city_name": "Lunavada"
                    },
                    {
                        "city_name": "Madhapar"
                    },
                    {
                        "city_name": "Maflipur"
                    },
                    {
                        "city_name": "Mahemdavad"
                    },
                    {
                        "city_name": "Mahudha"
                    },
                    {
                        "city_name": "Mahuva"
                    },
                    {
                        "city_name": "Mahuvar"
                    },
                    {
                        "city_name": "Makarba"
                    },
                    {
                        "city_name": "Makarpura"
                    },
                    {
                        "city_name": "Makassar"
                    },
                    {
                        "city_name": "Maktampur"
                    },
                    {
                        "city_name": "Malia"
                    },
                    {
                        "city_name": "Malpur"
                    },
                    {
                        "city_name": "Manavadar"
                    },
                    {
                        "city_name": "Mandal"
                    },
                    {
                        "city_name": "Mandvi"
                    },
                    {
                        "city_name": "Mangrol"
                    },
                    {
                        "city_name": "Mansa"
                    },
                    {
                        "city_name": "Meghraj"
                    },
                    {
                        "city_name": "Mehsana"
                    },
                    {
                        "city_name": "Mendarla"
                    },
                    {
                        "city_name": "Mithapur"
                    },
                    {
                        "city_name": "Modasa"
                    },
                    {
                        "city_name": "Mogravadi"
                    },
                    {
                        "city_name": "Morbi"
                    },
                    {
                        "city_name": "Morvi"
                    },
                    {
                        "city_name": "Mundra"
                    },
                    {
                        "city_name": "Nadiad"
                    },
                    {
                        "city_name": "Naliya"
                    },
                    {
                        "city_name": "Nanakvada"
                    },
                    {
                        "city_name": "Nandej"
                    },
                    {
                        "city_name": "Nandesari"
                    },
                    {
                        "city_name": "Nandesari INA"
                    },
                    {
                        "city_name": "Naroda"
                    },
                    {
                        "city_name": "Navagadh"
                    },
                    {
                        "city_name": "Navagam Ghed"
                    },
                    {
                        "city_name": "Navsari"
                    },
                    {
                        "city_name": "Ode"
                    },
                    {
                        "city_name": "Okaf"
                    },
                    {
                        "city_name": "Okha"
                    },
                    {
                        "city_name": "Olpad"
                    },
                    {
                        "city_name": "Paddhari"
                    },
                    {
                        "city_name": "Padra"
                    },
                    {
                        "city_name": "Palanpur"
                    },
                    {
                        "city_name": "Palej"
                    },
                    {
                        "city_name": "Pali"
                    },
                    {
                        "city_name": "Palitana"
                    },
                    {
                        "city_name": "Paliyad"
                    },
                    {
                        "city_name": "Pandesara"
                    },
                    {
                        "city_name": "Panoli"
                    },
                    {
                        "city_name": "Pardi"
                    },
                    {
                        "city_name": "Parnera"
                    },
                    {
                        "city_name": "Parvat"
                    },
                    {
                        "city_name": "Patan"
                    },
                    {
                        "city_name": "Patdi"
                    },
                    {
                        "city_name": "Petlad"
                    },
                    {
                        "city_name": "Petrochemical Complex"
                    },
                    {
                        "city_name": "Porbandar"
                    },
                    {
                        "city_name": "Prantij"
                    },
                    {
                        "city_name": "Radhanpur"
                    },
                    {
                        "city_name": "Raiya"
                    },
                    {
                        "city_name": "Rajkot"
                    },
                    {
                        "city_name": "Rajpipla"
                    },
                    {
                        "city_name": "Rajula"
                    },
                    {
                        "city_name": "Ramod"
                    },
                    {
                        "city_name": "Ranavav"
                    },
                    {
                        "city_name": "Ranoli"
                    },
                    {
                        "city_name": "Rapar"
                    },
                    {
                        "city_name": "Sahij"
                    },
                    {
                        "city_name": "Salaya"
                    },
                    {
                        "city_name": "Sanand"
                    },
                    {
                        "city_name": "Sankheda"
                    },
                    {
                        "city_name": "Santrampur"
                    },
                    {
                        "city_name": "Saribujrang"
                    },
                    {
                        "city_name": "Sarigam INA"
                    },
                    {
                        "city_name": "Sayan"
                    },
                    {
                        "city_name": "Sayla"
                    },
                    {
                        "city_name": "Shahpur"
                    },
                    {
                        "city_name": "Shahwadi"
                    },
                    {
                        "city_name": "Shapar"
                    },
                    {
                        "city_name": "Shivrajpur"
                    },
                    {
                        "city_name": "Siddhapur"
                    },
                    {
                        "city_name": "Sidhpur"
                    },
                    {
                        "city_name": "Sihor"
                    },
                    {
                        "city_name": "Sika"
                    },
                    {
                        "city_name": "Singarva"
                    },
                    {
                        "city_name": "Sinor"
                    },
                    {
                        "city_name": "Sojitra"
                    },
                    {
                        "city_name": "Sola"
                    },
                    {
                        "city_name": "Songadh"
                    },
                    {
                        "city_name": "Suraj Karadi"
                    },
                    {
                        "city_name": "Surat"
                    },
                    {
                        "city_name": "Surendranagar"
                    },
                    {
                        "city_name": "Talaja"
                    },
                    {
                        "city_name": "Talala"
                    },
                    {
                        "city_name": "Talod"
                    },
                    {
                        "city_name": "Tankara"
                    },
                    {
                        "city_name": "Tarsali"
                    },
                    {
                        "city_name": "Thangadh"
                    },
                    {
                        "city_name": "Tharad"
                    },
                    {
                        "city_name": "Thasra"
                    },
                    {
                        "city_name": "Udyognagar"
                    },
                    {
                        "city_name": "Ukai"
                    },
                    {
                        "city_name": "Umbergaon"
                    },
                    {
                        "city_name": "Umbergaon INA"
                    },
                    {
                        "city_name": "Umrala"
                    },
                    {
                        "city_name": "Umreth"
                    },
                    {
                        "city_name": "Un"
                    },
                    {
                        "city_name": "Una"
                    },
                    {
                        "city_name": "Unjha"
                    },
                    {
                        "city_name": "Upleta"
                    },
                    {
                        "city_name": "Utran"
                    },
                    {
                        "city_name": "Uttarsanda"
                    },
                    {
                        "city_name": "V.U. Nagar"
                    },
                    {
                        "city_name": "V.V. Nagar"
                    },
                    {
                        "city_name": "Vadia"
                    },
                    {
                        "city_name": "Vadla"
                    },
                    {
                        "city_name": "Vadnagar"
                    },
                    {
                        "city_name": "Vadodara"
                    },
                    {
                        "city_name": "Vaghodia INA"
                    },
                    {
                        "city_name": "Valbhipur"
                    },
                    {
                        "city_name": "Vallabh Vidyanagar"
                    },
                    {
                        "city_name": "Valsad"
                    },
                    {
                        "city_name": "Valsad INA"
                    },
                    {
                        "city_name": "Vanthali"
                    },
                    {
                        "city_name": "Vapi"
                    },
                    {
                        "city_name": "Vapi INA"
                    },
                    {
                        "city_name": "Vartej"
                    },
                    {
                        "city_name": "Vasad"
                    },
                    {
                        "city_name": "Vasna Borsad INA"
                    },
                    {
                        "city_name": "Vaso"
                    },
                    {
                        "city_name": "Veraval"
                    },
                    {
                        "city_name": "Vidyanagar"
                    },
                    {
                        "city_name": "Vijalpor"
                    },
                    {
                        "city_name": "Vijapur"
                    },
                    {
                        "city_name": "Vinchhiya"
                    },
                    {
                        "city_name": "Vinzol"
                    },
                    {
                        "city_name": "Virpur"
                    },
                    {
                        "city_name": "Visavadar"
                    },
                    {
                        "city_name": "Visnagar"
                    },
                    {
                        "city_name": "Vyara"
                    },
                    {
                        "city_name": "Wadhwan"
                    },
                    {
                        "city_name": "Waghai"
                    },
                    {
                        "city_name": "Waghodia"
                    },
                    {
                        "city_name": "Wankaner"
                    },
                    {
                        "city_name": "Zalod"
                    }
                ]
            },
            {
                "state_name": "Haryana"
            },
            {
                "state_name": "Himachal Pradesh"
            },
            {
                "state_name": "Jammu and Kashmir"
            },
            {
                "state_name": "Jharkhand"
            },
            {
                "state_name": "Karnataka"
            },
            {
                "state_name": "Kerala"
            },
            {
                "state_name": "Ladakh"
            },
            {
                "state_name": "Lakshadweep"
            },
            {
                "state_name": "Madhya Pradesh"
            },
            {
                "state_name": "Maharashtra"
            },
            {
                "state_name": "Manipur"
            },
            {
                "state_name": "Meghalaya"
            },
            {
                "state_name": "Mizoram"
            },
            {
                "state_name": "Nagaland"
            },
            {
                "state_name": "Narora"
            },
            {
                "state_name": "Odisha"
            },
            {
                "state_name": "Pondicherry"
            },
            {
                "state_name": "Punjab"
            },
            {
                "state_name": "Rajasthan"
            },
            {
                "state_name": "Sikkim"
            },
            {
                "state_name": "Tamil Nadu"
            },
            {
                "state_name": "Telangana"
            },
            {
                "state_name": "Tripura"
            },
            {
                "state_name": "Uttar Pradesh"
            },
            {
                "state_name": "Uttarakhand"
            },
            {
                "state_name": "West Bengal"
            }
        ]
    },
    {
        "country_name": "Indonesia",
        "country_short_name": "ID",
        "country_phone_code": 62
    },
    {
        "country_name": "Iran",
        "country_short_name": "IR",
        "country_phone_code": 98
    },
    {
        "country_name": "Iraq",
        "country_short_name": "IQ",
        "country_phone_code": 964
    },
    {
        "country_name": "Ireland",
        "country_short_name": "IE",
        "country_phone_code": 353
    },
    {
        "country_name": "Israel",
        "country_short_name": "IL",
        "country_phone_code": 972
    },
    {
        "country_name": "Italy",
        "country_short_name": "IT",
        "country_phone_code": 39
    },
    {
        "country_name": "Jamaica",
        "country_short_name": "JM",
        "country_phone_code": 1876
    },
    {
        "country_name": "Japan",
        "country_short_name": "JP",
        "country_phone_code": 81
    },
    {
        "country_name": "Jersey",
        "country_short_name": "XJ",
        "country_phone_code": 44
    },
    {
        "country_name": "Jordan",
        "country_short_name": "JO",
        "country_phone_code": 962
    },
    {
        "country_name": "Kazakhstan",
        "country_short_name": "KZ",
        "country_phone_code": 7
    },
    {
        "country_name": "Kenya",
        "country_short_name": "KE",
        "country_phone_code": 254
    },
    {
        "country_name": "Kiribati",
        "country_short_name": "KI",
        "country_phone_code": 686
    },
    {
        "country_name": "Korea North",
        "country_short_name": "KP",
        "country_phone_code": 850
    },
    {
        "country_name": "Korea South",
        "country_short_name": "KR",
        "country_phone_code": 82
    },
    {
        "country_name": "Kuwait",
        "country_short_name": "KW",
        "country_phone_code": 965
    },
    {
        "country_name": "Kyrgyzstan",
        "country_short_name": "KG",
        "country_phone_code": 996
    },
    {
        "country_name": "Laos",
        "country_short_name": "LA",
        "country_phone_code": 856
    },
    {
        "country_name": "Latvia",
        "country_short_name": "LV",
        "country_phone_code": 371
    },
    {
        "country_name": "Lebanon",
        "country_short_name": "LB",
        "country_phone_code": 961
    },
    {
        "country_name": "Lesotho",
        "country_short_name": "LS",
        "country_phone_code": 266
    },
    {
        "country_name": "Liberia",
        "country_short_name": "LR",
        "country_phone_code": 231
    },
    {
        "country_name": "Libya",
        "country_short_name": "LY",
        "country_phone_code": 218
    },
    {
        "country_name": "Liechtenstein",
        "country_short_name": "LI",
        "country_phone_code": 423
    },
    {
        "country_name": "Lithuania",
        "country_short_name": "LT",
        "country_phone_code": 370
    },
    {
        "country_name": "Luxembourg",
        "country_short_name": "LU",
        "country_phone_code": 352
    },
    {
        "country_name": "Macau S.A.R.",
        "country_short_name": "MO",
        "country_phone_code": 853
    },
    {
        "country_name": "Macedonia",
        "country_short_name": "MK",
        "country_phone_code": 389
    },
    {
        "country_name": "Madagascar",
        "country_short_name": "MG",
        "country_phone_code": 261
    },
    {
        "country_name": "Malawi",
        "country_short_name": "MW",
        "country_phone_code": 265
    },
    {
        "country_name": "Malaysia",
        "country_short_name": "MY",
        "country_phone_code": 60
    },
    {
        "country_name": "Maldives",
        "country_short_name": "MV",
        "country_phone_code": 960
    },
    {
        "country_name": "Mali",
        "country_short_name": "ML",
        "country_phone_code": 223
    },
    {
        "country_name": "Malta",
        "country_short_name": "MT",
        "country_phone_code": 356
    },
    {
        "country_name": "Man (Isle of)",
        "country_short_name": "XM",
        "country_phone_code": 44
    },
    {
        "country_name": "Marshall Islands",
        "country_short_name": "MH",
        "country_phone_code": 692
    },
    {
        "country_name": "Martinique",
        "country_short_name": "MQ",
        "country_phone_code": 596
    },
    {
        "country_name": "Mauritania",
        "country_short_name": "MR",
        "country_phone_code": 222
    },
    {
        "country_name": "Mauritius",
        "country_short_name": "MU",
        "country_phone_code": 230
    },
    {
        "country_name": "Mayotte",
        "country_short_name": "YT",
        "country_phone_code": 269
    },
    {
        "country_name": "Mexico",
        "country_short_name": "MX",
        "country_phone_code": 52
    },
    {
        "country_name": "Micronesia",
        "country_short_name": "FM",
        "country_phone_code": 691
    },
    {
        "country_name": "Moldova",
        "country_short_name": "MD",
        "country_phone_code": 373
    },
    {
        "country_name": "Monaco",
        "country_short_name": "MC",
        "country_phone_code": 377
    },
    {
        "country_name": "Mongolia",
        "country_short_name": "MN",
        "country_phone_code": 976
    },
    {
        "country_name": "Montserrat",
        "country_short_name": "MS",
        "country_phone_code": 1664
    },
    {
        "country_name": "Morocco",
        "country_short_name": "MA",
        "country_phone_code": 212
    },
    {
        "country_name": "Mozambique",
        "country_short_name": "MZ",
        "country_phone_code": 258
    },
    {
        "country_name": "Myanmar",
        "country_short_name": "MM",
        "country_phone_code": 95
    },
    {
        "country_name": "Namibia",
        "country_short_name": "NA",
        "country_phone_code": 264
    },
    {
        "country_name": "Nauru",
        "country_short_name": "NR",
        "country_phone_code": 674
    },
    {
        "country_name": "Nepal",
        "country_short_name": "NP",
        "country_phone_code": 977
    },
    {
        "country_name": "Netherlands Antilles",
        "country_short_name": "AN",
        "country_phone_code": 599
    },
    {
        "country_name": "Netherlands The",
        "country_short_name": "NL",
        "country_phone_code": 31
    },
    {
        "country_name": "New Caledonia",
        "country_short_name": "NC",
        "country_phone_code": 687
    },
    {
        "country_name": "New Zealand",
        "country_short_name": "NZ",
        "country_phone_code": 64
    },
    {
        "country_name": "Nicaragua",
        "country_short_name": "NI",
        "country_phone_code": 505
    },
    {
        "country_name": "Niger",
        "country_short_name": "NE",
        "country_phone_code": 227
    },
    {
        "country_name": "Nigeria",
        "country_short_name": "NG",
        "country_phone_code": 234
    },
    {
        "country_name": "Niue",
        "country_short_name": "NU",
        "country_phone_code": 683
    },
    {
        "country_name": "Norfolk Island",
        "country_short_name": "NF",
        "country_phone_code": 672
    },
    {
        "country_name": "Northern Mariana Islands",
        "country_short_name": "MP",
        "country_phone_code": 1670
    },
    {
        "country_name": "Norway",
        "country_short_name": "NO",
        "country_phone_code": 47
    },
    {
        "country_name": "Oman",
        "country_short_name": "OM",
        "country_phone_code": 968
    },
    {
        "country_name": "Pakistan",
        "country_short_name": "PK",
        "country_phone_code": 92
    },
    {
        "country_name": "Palau",
        "country_short_name": "PW",
        "country_phone_code": 680
    },
    {
        "country_name": "Palestinian Territory Occupied",
        "country_short_name": "PS",
        "country_phone_code": 970
    },
    {
        "country_name": "Panama",
        "country_short_name": "PA",
        "country_phone_code": 507
    },
    {
        "country_name": "Papua new Guinea",
        "country_short_name": "PG",
        "country_phone_code": 675
    },
    {
        "country_name": "Paraguay",
        "country_short_name": "PY",
        "country_phone_code": 595
    },
    {
        "country_name": "Peru",
        "country_short_name": "PE",
        "country_phone_code": 51
    },
    {
        "country_name": "Philippines",
        "country_short_name": "PH",
        "country_phone_code": 63
    },
    {
        "country_name": "Pitcairn Island",
        "country_short_name": "PN",
        "country_phone_code": 0
    },
    {
        "country_name": "Poland",
        "country_short_name": "PL",
        "country_phone_code": 48
    },
    {
        "country_name": "Portugal",
        "country_short_name": "PT",
        "country_phone_code": 351
    },
    {
        "country_name": "Puerto Rico",
        "country_short_name": "PR",
        "country_phone_code": 1787
    },
    {
        "country_name": "Qatar",
        "country_short_name": "QA",
        "country_phone_code": 974
    },
    {
        "country_name": "Republic Of The Congo",
        "country_short_name": "CG",
        "country_phone_code": 242
    },
    {
        "country_name": "Reunion",
        "country_short_name": "RE",
        "country_phone_code": 262
    },
    {
        "country_name": "Romania",
        "country_short_name": "RO",
        "country_phone_code": 40
    },
    {
        "country_name": "Russia",
        "country_short_name": "RU",
        "country_phone_code": 70
    },
    {
        "country_name": "Rwanda",
        "country_short_name": "RW",
        "country_phone_code": 250
    },
    {
        "country_name": "Saint Helena",
        "country_short_name": "SH",
        "country_phone_code": 290
    },
    {
        "country_name": "Saint Kitts And Nevis",
        "country_short_name": "KN",
        "country_phone_code": 1869
    },
    {
        "country_name": "Saint Lucia",
        "country_short_name": "LC",
        "country_phone_code": 1758
    },
    {
        "country_name": "Saint Pierre and Miquelon",
        "country_short_name": "PM",
        "country_phone_code": 508
    },
    {
        "country_name": "Saint Vincent And The Grenadines",
        "country_short_name": "VC",
        "country_phone_code": 1784
    },
    {
        "country_name": "Samoa",
        "country_short_name": "WS",
        "country_phone_code": 684
    },
    {
        "country_name": "San Marino",
        "country_short_name": "SM",
        "country_phone_code": 378
    },
    {
        "country_name": "Sao Tome and Principe",
        "country_short_name": "ST",
        "country_phone_code": 239
    },
    {
        "country_name": "Saudi Arabia",
        "country_short_name": "SA",
        "country_phone_code": 966
    },
    {
        "country_name": "Senegal",
        "country_short_name": "SN",
        "country_phone_code": 221
    },
    {
        "country_name": "Serbia",
        "country_short_name": "RS",
        "country_phone_code": 381
    },
    {
        "country_name": "Seychelles",
        "country_short_name": "SC",
        "country_phone_code": 248
    },
    {
        "country_name": "Sierra Leone",
        "country_short_name": "SL",
        "country_phone_code": 232
    },
    {
        "country_name": "Singapore",
        "country_short_name": "SG",
        "country_phone_code": 65
    },
    {
        "country_name": "Slovakia",
        "country_short_name": "SK",
        "country_phone_code": 421
    },
    {
        "country_name": "Slovenia",
        "country_short_name": "SI",
        "country_phone_code": 386
    },
    {
        "country_name": "Smaller Territories of the UK",
        "country_short_name": "XG",
        "country_phone_code": 44
    },
    {
        "country_name": "Solomon Islands",
        "country_short_name": "SB",
        "country_phone_code": 677
    },
    {
        "country_name": "Somalia",
        "country_short_name": "SO",
        "country_phone_code": 252
    },
    {
        "country_name": "South Africa",
        "country_short_name": "ZA",
        "country_phone_code": 27
    },
    {
        "country_name": "South Georgia",
        "country_short_name": "GS",
        "country_phone_code": 0
    },
    {
        "country_name": "South Sudan",
        "country_short_name": "SS",
        "country_phone_code": 211
    },
    {
        "country_name": "Spain",
        "country_short_name": "ES",
        "country_phone_code": 34
    },
    {
        "country_name": "Sri Lanka",
        "country_short_name": "LK",
        "country_phone_code": 94
    },
    {
        "country_name": "Sudan",
        "country_short_name": "SD",
        "country_phone_code": 249
    },
    {
        "country_name": "Suriname",
        "country_short_name": "SR",
        "country_phone_code": 597
    },
    {
        "country_name": "Svalbard And Jan Mayen Islands",
        "country_short_name": "SJ",
        "country_phone_code": 47
    },
    {
        "country_name": "Swaziland",
        "country_short_name": "SZ",
        "country_phone_code": 268
    },
    {
        "country_name": "Sweden",
        "country_short_name": "SE",
        "country_phone_code": 46
    },
    {
        "country_name": "Switzerland",
        "country_short_name": "CH",
        "country_phone_code": 41
    },
    {
        "country_name": "Syria",
        "country_short_name": "SY",
        "country_phone_code": 963
    },
    {
        "country_name": "Taiwan",
        "country_short_name": "TW",
        "country_phone_code": 886
    },
    {
        "country_name": "Tajikistan",
        "country_short_name": "TJ",
        "country_phone_code": 992
    },
    {
        "country_name": "Tanzania",
        "country_short_name": "TZ",
        "country_phone_code": 255
    },
    {
        "country_name": "Thailand",
        "country_short_name": "TH",
        "country_phone_code": 66
    },
    {
        "country_name": "Togo",
        "country_short_name": "TG",
        "country_phone_code": 228
    },
    {
        "country_name": "Tokelau",
        "country_short_name": "TK",
        "country_phone_code": 690
    },
    {
        "country_name": "Tonga",
        "country_short_name": "TO",
        "country_phone_code": 676
    },
    {
        "country_name": "Trinidad And Tobago",
        "country_short_name": "TT",
        "country_phone_code": 1868
    },
    {
        "country_name": "Tunisia",
        "country_short_name": "TN",
        "country_phone_code": 216
    },
    {
        "country_name": "Turkey",
        "country_short_name": "TR",
        "country_phone_code": 90
    },
    {
        "country_name": "Turkmenistan",
        "country_short_name": "TM",
        "country_phone_code": 7370
    },
    {
        "country_name": "Turks And Caicos Islands",
        "country_short_name": "TC",
        "country_phone_code": 1649
    },
    {
        "country_name": "Tuvalu",
        "country_short_name": "TV",
        "country_phone_code": 688
    },
    {
        "country_name": "Uganda",
        "country_short_name": "UG",
        "country_phone_code": 256
    },
    {
        "country_name": "Ukraine",
        "country_short_name": "UA",
        "country_phone_code": 380
    },
    {
        "country_name": "United Arab Emirates",
        "country_short_name": "AE",
        "country_phone_code": 971
    },
    {
        "country_name": "United Kingdom",
        "country_short_name": "GB",
        "country_phone_code": 44
    },
    {
        "country_name": "United States",
        "country_short_name": "US",
        "country_phone_code": 1
    },
    {
        "country_name": "United States Minor Outlying Islands",
        "country_short_name": "UM",
        "country_phone_code": 1
    },
    {
        "country_name": "Uruguay",
        "country_short_name": "UY",
        "country_phone_code": 598
    },
    {
        "country_name": "Uzbekistan",
        "country_short_name": "UZ",
        "country_phone_code": 998
    },
    {
        "country_name": "Vanuatu",
        "country_short_name": "VU",
        "country_phone_code": 678
    },
    {
        "country_name": "Vatican City State (Holy See)",
        "country_short_name": "VA",
        "country_phone_code": 39
    },
    {
        "country_name": "Venezuela",
        "country_short_name": "VE",
        "country_phone_code": 58
    },
    {
        "country_name": "Vietnam",
        "country_short_name": "VN",
        "country_phone_code": 84
    },
    {
        "country_name": "Virgin Islands (British)",
        "country_short_name": "VG",
        "country_phone_code": 1284
    },
    {
        "country_name": "Virgin Islands (US)",
        "country_short_name": "VI",
        "country_phone_code": 1340
    },
    {
        "country_name": "Wallis And Futuna Islands",
        "country_short_name": "WF",
        "country_phone_code": 681
    },
    {
        "country_name": "Western Sahara",
        "country_short_name": "EH",
        "country_phone_code": 212
    },
    {
        "country_name": "Yemen",
        "country_short_name": "YE",
        "country_phone_code": 967
    },
    {
        "country_name": "Yugoslavia",
        "country_short_name": "YU",
        "country_phone_code": 38
    },
    {
        "country_name": "Zambia",
        "country_short_name": "ZM",
        "country_phone_code": 260
    },
    {
        "country_name": "Zimbabwe",
        "country_short_name": "ZW",
        "country_phone_code": 263
    }
]